id,ativo,tipo,tema,subtema,titulo,autor,fonte,data_publicacao,resumo,palavras_chave,url_original,url_pdf_institucional,capa,paginas,idioma,data_inclusao
10-great-free-ai-learning-resources-for-2026-by-omar-s-2114e37,TRUE,medium,"Aprendizado, pesquisa e produtividade",Aprendizado e Pesquisa,10 Great Free AI Learning Resources for 2026,Omar Santos,Medium,,"Reúne dez recursos gratuitos para estudar inteligência artificial em 2026, incluindo cursos, documentação e materiais práticos. A seleção ajuda o leitor a organizar uma trilha de aprendizagem sem depender de assinaturas pagas.",Deep learning | LLMs | IA generativa | Agentes | MCP,https://medium.com/p/45c7d6de6867,,covers/10-great-free-ai-learning-resources-for-2026-by-omar-s-2114e37-01.jpg,10,en,2026-07-14
20-hidden-notebooklm-features-most-users-never-discove-ab46df1,TRUE,medium,"Aprendizado, pesquisa e produtividade",Produtividade com IA e NotebookLM,20 Hidden NotebookLM Features Most Users Never Discover,Mubashir Burfat,Medium,"Jun, 2026","Apresenta vinte recursos pouco conhecidos do NotebookLM e mostra como aplicá-los à leitura, síntese e exploração de documentos. O foco está em transformar a ferramenta em um ambiente mais produtivo para estudo e pesquisa.",Transformers | RAG | Conhecimento | NotebookLM | Pesquisa,https://medium.com/p/076ca3c1a31f,,covers/20-hidden-notebooklm-features-most-users-never-discove-ab46df1-01.jpg,19,en,2026-07-14
6-research-papers-every-data-scientist-should-read-in--b756c4a,TRUE,medium,"Aprendizado, pesquisa e produtividade",Aprendizado e Pesquisa,6 Research Papers Every Data Scientist Should Read In 2026,Andres Vourakis,Medium,,Seleciona seis artigos científicos considerados relevantes para profissionais de ciência de dados em 2026. O texto contextualiza a contribuição de cada trabalho e sugere por que ele merece entrar em uma agenda de leitura técnica.,Transformers | LLMs | Agentes | Conhecimento | Pesquisa,https://medium.com/p/eeb660fd2db1,,covers/6-research-papers-every-data-scientist-should-read-in--b756c4a-01.jpg,10,en,2026-07-04
7-genai-terms-that-keep-showing-up-everywhere-by-shrey-b83ea93,TRUE,medium,LLMs e IA generativa,Conceitos e Fundamentos,7 GenAI Terms That Keep Showing Up Everywhere,Shreyas Naphad,Medium,,"Explica sete termos recorrentes no debate sobre IA generativa, relacionando conceitos técnicos a usos práticos. É uma introdução para leitores que desejam acompanhar discussões sobre modelos, agentes e aplicações sem se perder no vocabulário.",Vetores | IA generativa | Agentes | RAG | Bases vetoriais,https://medium.com/p/7e5d81f0639c,,covers/7-genai-terms-that-keep-showing-up-everywhere-by-shrey-b83ea93-1.jpg,9,en,2026-07-04
7-super-dangerous-things-to-build-with-anthropic-s-fab-07a6546,TRUE,medium,"Modelos, mercado e indústria",Lancamentos e Comparativos de Modelos,7 Super Dangerous Things To Build With Anthropic’s Fable 5 Before It Gets Banned Again,Joe Procopio,Entrepreneurship Handbook,"Jul, 2026","Explora, em tom provocativo, sete aplicações avançadas que poderiam ser construídas com o modelo Fable 5 da Anthropic. O artigo combina ideias de produto, automação e riscos associados ao uso de modelos com maior autonomia.",Anthropic | Segurança,https://medium.com/p/85696b234e7a,,covers/7-super-dangerous-things-to-build-with-anthropic-s-fab-07a6546-1.jpg,7,en,2026-07-14
agent-harnesses-with-claude-intuitively-and-exhaustive-12b1fb0,TRUE,medium,"Agentes, RAG e aplicações",Arquitetura de Agentes,Agent Harnesses with Claude — Intuitively and Exhaustively Explained,Daniel Warfield,Medium,"Jun, 2026","Explica o conceito de agent harness e os componentes que cercam um modelo para transformá-lo em um agente confiável. Discute ferramentas, memória, planejamento, execução e mecanismos de controle usando Claude como referência.",LLMs | Agentes | Claude | Anthropic | Programação,https://medium.com/p/1ab5a3697d5f,,covers/agent-harnesses-with-claude-intuitively-and-exhaustive-12b1fb0-01.jpg,53,en,2026-07-04
ai-isn-t-magic-it-s-math-and-most-people-are-skipping--a681e9b,TRUE,medium,"Fundamentos, matemática e deep learning",Matematica para IA,AI Isn’t Magic. It’s Math — and Most People Are Skipping the Hard Part,Robi Kumar Tomar,AI Mind,,"Defende que compreender IA exige domínio dos fundamentos matemáticos que sustentam os modelos. O texto percorre conceitos como álgebra linear, probabilidade, otimização e cálculo, mostrando como eles aparecem no aprendizado de máquina.",Matemática | Álgebra linear | Vetores | Redes neurais | Deep learning,https://medium.com/p/571fd2c5c33f,,covers/ai-isn-t-magic-it-s-math-and-most-people-are-skipping--a681e9b-01.jpg,13,en,2026-07-01
anthropic-just-published-honest-data-nobody-in-ai-want-f12fb0b,TRUE,medium,"Modelos, mercado e indústria",Lancamentos e Comparativos de Modelos,Anthropic Just Published Honest Data Nobody in AI Wants to See,Marco Kotrotsos,Medium,,"Examina dados divulgados pela Anthropic sobre adoção, produtividade e limites do uso de IA no trabalho. O autor contrapõe expectativas de transformação imediata a evidências mais graduais e desiguais.",Atenção | Claude | Conhecimento | Anthropic | Pesquisa,https://medium.com/p/981f2591d0a9,,covers/anthropic-just-published-honest-data-nobody-in-ai-want-f12fb0b-01.jpg,11,en,2026-07-14
attention-in-transformers-intuitively-explained-by-ama-17c4a19,TRUE,medium,Transformers e atenção,,Attention in Transformers — Intuitively Explained,Amarpreet Singh,Medium,"Jun, 2026",Apresenta uma explicação intuitiva do mecanismo de atenção nos Transformers. O artigo mostra como o modelo pondera relações entre tokens e por que essa operação permite representar contexto de maneira mais flexível.,Vetores | Redes neurais | Transformers | Atenção | RNN,https://medium.com/p/bd2f0f46d32a,,covers/attention-in-transformers-intuitively-explained-by-ama-17c4a19-01.jpg,23,en,2026-07-01
attention-mechanism-the-brain-behind-llms-medium-739d813,TRUE,medium,Transformers e atenção,,Attention Mechanism: The Brain Behind LLMs,Autoria não identificada,Medium,,"Introduz o mecanismo de atenção como elemento central dos grandes modelos de linguagem. Explica consultas, chaves e valores e relaciona esses componentes à capacidade de selecionar informações relevantes no contexto.",Vetores | Redes neurais | Transformers | Atenção | LLMs,https://medium.com/p/67e2fdc84c5b,,covers/attention-mechanism-the-brain-behind-llms-medium-739d813-01.jpg,11,en,2026-07-02
before-you-use-claude-cowork-build-this-first-by-the-p-531ea55,TRUE,medium,"Agentes, RAG e aplicações",MCP e Ferramentas Claude,"Before You Use Claude Cowork, Build This First",The PyCoach,Medium,"Jul, 2026","Propõe preparar uma estrutura de contexto e organização antes de adotar o Claude Cowork. O objetivo é fornecer ao assistente regras, referências e rotinas que tornem a colaboração mais consistente e reutilizável.",MCP | Claude,https://medium.com/p/ce587b6bd41e,,covers/before-you-use-claude-cowork-build-this-first-by-the-p-531ea55-01.jpg,27,en,2026-07-14
before-you-use-claude-create-this-file-by-the-pycoach--fb6cd6f,TRUE,medium,"Agentes, RAG e aplicações",MCP e Ferramentas Claude,"Before You Use Claude, Create This File",The PyCoach,Medium,"May, 2026","Recomenda criar um arquivo de instruções persistentes para orientar o Claude em tarefas recorrentes. O texto mostra como registrar preferências, contexto e padrões de trabalho para reduzir repetições e melhorar a qualidade das respostas.",MCP | Claude | ChatGPT | Pesquisa,https://medium.com/p/22049120b48a,,covers/before-you-use-claude-create-this-file-by-the-pycoach--fb6cd6f-01.jpg,16,en,2026-07-07
chapter-3-what-is-a-transformer-by-generative-ai-mediu-a8b18e8,TRUE,medium,Transformers e atenção,,Chapter 3: What Is a Transformer,Generative AI,Medium,,"Oferece uma introdução à arquitetura Transformer e aos motivos de sua importância para a IA generativa. O capítulo apresenta atenção, processamento paralelo e representação contextual em linguagem acessível.",Transformers | Atenção | LLMs | IA generativa | RAG,https://medium.com/p/21a20c3fec2d,,covers/chapter-3-what-is-a-transformer-by-generative-ai-mediu-a8b18e8-1.jpg,7,en,2026-07-07
chatgpt-is-getting-its-biggest-update-ever-by-tanmay-b-74727f4,TRUE,medium,"Modelos, mercado e indústria",Lancamentos e Comparativos de Modelos,ChatGPT Is Getting Its Biggest Update Ever,Tanmay Bansal,Artificial Intelligence in Plain English,"Jun, 2026","Discute uma atualização de grande alcance do ChatGPT e suas possíveis consequências para usuários e desenvolvedores. O artigo destaca mudanças de capacidade, integração de ferramentas e evolução do produto como plataforma.",Vetores | Transformers | Agentes | RAG | Claude,https://medium.com/p/bacfef43d8ff,,covers/chatgpt-is-getting-its-biggest-update-ever-by-tanmay-b-74727f4-1.jpg,6,en,2026-07-04
claude-code-agents-what-they-actually-are-data-science-283ad38,TRUE,medium,"Agentes, RAG e aplicações",Arquitetura de Agentes,Claude Code agents: what they actually are,Autoria não identificada,Data Science Collective,,"Esclarece o que são agentes no Claude Code e como eles se diferenciam de simples chamadas ao modelo. O texto detalha delegação de tarefas, uso de ferramentas, contexto e coordenação entre agentes especializados.",LLMs | Agentes | Claude | Anthropic | Segurança,https://medium.com/p/2d6ea121b936,,covers/claude-code-agents-what-they-actually-are-data-science-283ad38-01.jpg,19,en,2026-07-04
claude-vs-gemini-which-ai-assistant-is-actually-more-u-29907f0,TRUE,medium,"Modelos, mercado e indústria",Lancamentos e Comparativos de Modelos,Claude vs. Gemini: Which AI Assistant Is Actually More Useful for Daily Work,Mubashir Burfat,Medium,"Jun, 2026","Compara Claude e Gemini em tarefas cotidianas, considerando escrita, pesquisa, análise de arquivos e integração com serviços. A avaliação ajuda o leitor a escolher a ferramenta conforme o tipo de trabalho realizado.",Agentes | Claude | Conhecimento | Gemini | Pesquisa,https://medium.com/p/8d164d073955,,covers/claude-vs-gemini-which-ai-assistant-is-actually-more-u-29907f0-1.jpg,7,en,2026-07-04
deepseek-just-did-what-the-industry-thought-was-imposs-2627cfe,TRUE,medium,"Modelos, mercado e indústria",Lancamentos e Comparativos de Modelos,DeepSeek Just Did What the Industry Thought Was Impossible,Pranit naik,Medium,"Jul, 2026","Relata um avanço atribuído ao DeepSeek e discute por que ele surpreendeu o setor de IA. O texto relaciona desempenho, eficiência e abertura tecnológica à competição entre laboratórios e modelos de fronteira.",LLMs | ChatGPT | Gemini | DeepSeek | Pesquisa,https://medium.com/p/7321e7bb083d,,covers/deepseek-just-did-what-the-industry-thought-was-imposs-2627cfe-01.jpg,10,en,2026-07-10
deepseek-made-their-ai-85-faster-without-touching-the--92cd92c,TRUE,medium,"Agentes, RAG e aplicações",Engenharia e Seguranca de Apps,DeepSeek Made Their AI 85% Faster Without Touching the Model or Buying a Single Chip,Nov Tech,The Geopolitical Economist,46216.5,Explica como o framework DSpark acelerou a inferência do DeepSeek sem alterar os pesos do modelo nem adicionar hardware. O ganho vem de técnicas de decodificação especulativa e melhor aproveitamento da infraestrutura existente.,Agentes | DeepSeek | Indústria | Programação,https://medium.com/p/e59b308334dd,,covers/deepseek-made-their-ai-85-faster-without-touching-the--92cd92c-01.jpg,11,en,2026-07-15
did-anthropic-s-secret-model-mythos-6-just-leak-by-pra-1d8616b,TRUE,medium,"Modelos, mercado e indústria",Lancamentos e Comparativos de Modelos,"Did Anthropic’s Secret Model, Mythos 6, Just Leak",Pranit naik,Medium,"Jun, 2026","Investiga indícios de um possível modelo não anunciado da Anthropic, identificado como Mythos 6. O artigo reúne rumores, resultados e sinais públicos, distinguindo evidências de especulação.",Claude | Anthropic | Pesquisa | Segurança,https://medium.com/p/5772a4a43ac7,,covers/did-anthropic-s-secret-model-mythos-6-just-leak-by-pra-1d8616b-01.jpg,10,en,2026-07-10
from-perceptron-to-transformers-understanding-how-ai-a-a7bc348,TRUE,medium,"Fundamentos, matemática e deep learning",Redes Neurais e Aprendizado,From Perceptron to Transformers. Understanding how AI actually learns.,@anello,Artificial Intelligence in Plain English,,"Percorre a evolução das redes neurais desde o perceptron até os Transformers. A narrativa conecta mudanças de arquitetura aos avanços na capacidade de aprender padrões, representar sequências e trabalhar com contexto.",Redes neurais | Deep learning | Transformers | Atenção | Pesquisa,https://medium.com/p/a3af9fca6025,,covers/from-perceptron-to-transformers-understanding-how-ai-a-a7bc348-01.jpg,31,en,2026-07-02
generative-ai-basic-concepts-llm-large-language-model--0812aad,TRUE,medium,LLMs e IA generativa,Conceitos e Fundamentos,Generative AI Basic Concepts. LLM (Large Language Model): The Large…,mustafabakla,Medium,,"Apresenta conceitos básicos de IA generativa e explica o que são grandes modelos de linguagem. O texto descreve treinamento, geração de texto e limitações fundamentais para leitores iniciantes.",Redes neurais | Deep learning | Transformers | LLMs | IA generativa,https://medium.com/p/8733a1ce1941,,covers/generative-ai-basic-concepts-llm-large-language-model--0812aad-1.jpg,5,en,2026-06-30
glm-5-2-is-free-right-now-no-api-key-needed-and-it-sur-7d2910b,TRUE,medium,"Modelos, mercado e indústria",Lancamentos e Comparativos de Modelos,"GLM-5.2 Is Free Right Now, No API Key Needed, and It Surprised Me",Nitin Gavhane,Medium,"Jul, 2026","Avalia o GLM-5.2 durante um período de acesso gratuito e sem chave de API. O autor relata impressões de uso, capacidades do modelo e situações em que ele pode funcionar como alternativa a serviços comerciais.",Agentes | Pesquisa | Programação,https://medium.com/p/653632330ba9,,covers/glm-5-2-is-free-right-now-no-api-key-needed-and-it-sur-7d2910b-1.jpg,8,en,2026-07-14
google-just-quietly-released-the-missing-piece-for-ai--48efda2,TRUE,medium,Bases vetoriais e conhecimento,Formatos e Gestao do Conhecimento,Google Just Quietly Released the Missing Piece for AI Agents. It’s Called OKF.,Akhil,Medium,"Jun, 2026","Apresenta o Open Knowledge Format como uma possível camada de interoperabilidade para agentes de IA. O artigo explica como um formato comum pode organizar conhecimento, versões e contexto entre diferentes ferramentas.",LLMs | Agentes | Claude | Conhecimento | Programação,https://medium.com/p/7e96a33898ce,,covers/google-just-quietly-released-the-missing-piece-for-ai--48efda2-01.jpg,14,en,2026-07-14
gpt-5-6-beat-fable-5-which-frontier-model-should-you-a-c010bc5,TRUE,medium,"Modelos, mercado e indústria",Lancamentos e Comparativos de Modelos,GPT-5.6 Beat Fable 5. Which Frontier Model Should You Actually Use,Divy Yadav,Medium,"Jul, 2026","Compara GPT-5.6 e Fable 5 em diferentes tipos de tarefa e discute qual modelo oferece melhor equilíbrio entre desempenho e uso prático. A análise considera raciocínio, programação, velocidade e adequação ao problema.",Agentes | Claude | Anthropic | Pesquisa | Indústria,https://medium.com/p/9e3506b32441,,covers/gpt-5-6-beat-fable-5-which-frontier-model-should-you-a-c010bc5-01.jpg,10,en,2026-07-14
harness-engineering-explained-the-one-layer-behind-eve-95317cf,TRUE,medium,"Agentes, RAG e aplicações",Arquitetura de Agentes,Harness Engineering Explained: The One Layer Behind Every AI Agent That Actually Works,Divy Yadav,Towards AI,"Jun, 2026","Define harness engineering como a camada de software que torna agentes utilizáveis em situações reais. O texto aborda memória, ferramentas, validação, observabilidade e limites necessários para controlar a execução.",Agentes | RAG | Claude | Gemini | Programação,https://medium.com/p/471e82030049,,covers/harness-engineering-explained-the-one-layer-behind-eve-95317cf-01.jpg,17,en,2026-07-04
how-deep-learning-actually-works-relu-backpropagation--21b6590,TRUE,medium,"Fundamentos, matemática e deep learning",Redes Neurais e Aprendizado,"How Deep Learning Actually Works: ReLU, Backpropagation & Gradient Descent Explained Simply",Vikash Singh,Medium,"May, 2026","Explica de forma encadeada como ReLU, retropropagação e descida do gradiente permitem treinar redes profundas. O artigo usa uma abordagem introdutória para ligar previsão, erro e atualização de pesos.",Redes neurais | Deep learning | Gradiente | ChatGPT | Pesquisa,https://medium.com/p/89f4fa5ee83e,,covers/how-deep-learning-actually-works-relu-backpropagation--21b6590-01.jpg,14,en,2026-07-02
how-rnns-work-and-why-everyone-stopped-using-them-data-116f78a,TRUE,medium,Transformers e atenção,,How RNNs Work (And Why everyone Stopped Using Them),Autoria não identificada,Data Science Collective,,Mostra como redes neurais recorrentes processam sequências e mantêm informação ao longo do tempo. Também explica problemas como gradientes que desaparecem e por que outras arquiteturas passaram a dominar aplicações modernas.,Redes neurais | Deep learning | Gradiente | Transformers | Atenção,https://medium.com/p/30d1986f5960,,covers/how-rnns-work-and-why-everyone-stopped-using-them-data-116f78a-01.jpg,22,en,2026-07-01
how-to-build-real-leverage-when-everyone-has-ai-medium-1b53b76,TRUE,medium,"Aprendizado, pesquisa e produtividade",Produtividade com IA e NotebookLM,How to Build Real Leverage When Everyone Has AI,Autoria não identificada,Medium,,"Discute como construir vantagem profissional quando ferramentas de IA estão amplamente disponíveis. O argumento central é que contexto, julgamento, processos próprios e capacidade de execução importam mais do que o simples acesso ao modelo.",RAG | NotebookLM | Pesquisa | Mercado | Programação,https://medium.com/p/bd487f400a0e,,covers/how-to-build-real-leverage-when-everyone-has-ai-medium-1b53b76-01.jpg,10,en,2026-07-14
how-to-use-ai-to-become-a-genius-i-know-this-seems-lik-dd6d2ed,TRUE,medium,"Aprendizado, pesquisa e produtividade",Produtividade com IA e NotebookLM,How to use AI to become a genius. I know this seems like a very weird…,Mark Schaefer,Medium,"Jun, 2026","Propõe usar a IA como parceira de aprendizagem, questionamento e expansão de repertório, e não apenas como geradora de respostas. O artigo sugere práticas para aprofundar ideias e melhorar a qualidade do pensamento.",Atenção | RAG | Claude | NotebookLM | Mercado,https://medium.com/p/d08ffab2f5d8,,covers/how-to-use-ai-to-become-a-genius-i-know-this-seems-lik-dd6d2ed-01.jpg,12,en,2026-07-08
i-connected-these-7-mcps-to-claude-i-m-never-going-bac-40e8bbc,TRUE,medium,"Agentes, RAG e aplicações",MCP e Ferramentas Claude,I Connected These 7 MCPs to Claude. I’m Never Going Back.,Mohd Anas,Medium,"Jul, 2026",Relata a integração de sete servidores MCP ao Claude para ampliar acesso a dados e ferramentas. O texto descreve os usos de cada conexão e como elas transformam o assistente em um ambiente de trabalho mais integrado.,MCP | Claude | Conhecimento | Pesquisa | Mercado,https://medium.com/p/b9f433b82a5b,,covers/i-connected-these-7-mcps-to-claude-i-m-never-going-bac-40e8bbc-01.jpg,10,en,2026-07-14
how-to-identify-if-someone-used-chatgpt-the-daily-draf-43aa14d,TRUE,medium,LLMs e IA generativa,Modelos Limites e Impactos,I’ll Instantly Know A Writer Used ChatGPT When I See This,Matt Lillywhite,The Daily Draft,46210.5,Questiona os sinais normalmente usados para acusar autores de empregar ChatGPT. O texto argumenta que detectores e marcas estilísticas são pouco confiáveis e sugere observar padrões de produção incompatíveis com o trabalho humano.,Atenção | RAG | ChatGPT | Pesquisa,https://medium.com/p/7130506fe37e,,covers/how-to-identify-if-someone-used-chatgpt-the-daily-draf-43aa14d-1.jpg,7,en,2026-07-15
if-you-use-ai-in-2026-you-should-understand-these-17-c-06ddb75,TRUE,medium,LLMs e IA generativa,Conceitos e Fundamentos,"If You Use AI in 2026, You Should Understand These 17 Concepts",Hamza Boulahia,Towards AI,"Jul, 2026","Organiza dezessete conceitos essenciais para compreender o ecossistema de IA em 2026. A leitura conecta modelos, contexto, recuperação de informação, agentes, ferramentas e infraestrutura em uma visão panorâmica.",Vetores | Redes neurais | Gradiente | LLMs | Agentes,https://medium.com/p/1b77515c55f5,,covers/if-you-use-ai-in-2026-you-should-understand-these-17-c-06ddb75-01.jpg,33,en,2026-07-07
japan-just-beat-claude-mythos-and-nobody-saw-it-coming-50eead2,TRUE,medium,"Modelos, mercado e indústria",Lancamentos e Comparativos de Modelos,Japan Just Beat Claude Mythos And Nobody Saw It Coming,Pranit naik,Medium,"Jun, 2026","Apresenta um modelo japonês que teria superado Claude Mythos em determinados testes. O artigo discute os resultados, o contexto competitivo e o que eles indicam sobre a diversificação geográfica da corrida por IA.",Atenção | Claude | Anthropic | Gemini | Pesquisa,https://medium.com/p/cc55238ec536,,covers/japan-just-beat-claude-mythos-and-nobody-saw-it-coming-50eead2-01.jpg,13,en,2026-07-04
linear-algebra-in-ai-vectors-matrices-and-self-attenti-dbc5a38,TRUE,medium,"Fundamentos, matemática e deep learning",Matematica para IA,"Linear Algebra in AI: Vectors, Matrices, and Self-Attention",The Dev Loop,Towards AI,,"Relaciona vetores e matrizes às operações centrais da inteligência artificial. O artigo avança até a autoatenção para mostrar como a álgebra linear sustenta representações, transformações e comparações entre tokens.",Matemática | Álgebra linear | Vetores | Redes neurais | Atenção,https://medium.com/p/955dc11703ba,,covers/linear-algebra-in-ai-vectors-matrices-and-self-attenti-dbc5a38-01.jpg,12,en,2026-07-01
linear-algebra-you-ll-actually-use-part-1-by-anjali-ka-8800b3c,TRUE,medium,"Fundamentos, matemática e deep learning",Matematica para IA,Linear Algebra You’ll Actually Use: Part 1,Anjali Kakde,Towards AI,"May, 2026","Introduz a parte da álgebra linear mais utilizada em ciência de dados e aprendizado de máquina. A abordagem privilegia intuição e aplicação de vetores, matrizes e operações em vez de uma exposição puramente formal.",Matemática | Álgebra linear | Vetores | Redes neurais | Transformers,https://medium.com/p/4bbeb5ac06de,,covers/linear-algebra-you-ll-actually-use-part-1-by-anjali-ka-8800b3c-01.jpg,15,en,2026-07-04
linus-torvalds-ai-code-medium-b79582a,TRUE,medium,"Modelos, mercado e indústria",Industria Estrategia e Impactos,Linus Torvalds Said the Quiet Part Out Loud About AI and Code Quality,Noah Byteforge,Level Up Coding,46214.5,"Analisa críticas de Linus Torvalds a correções de código produzidas sem compreensão do sistema. O artigo diferencia geração de código de engenharia e ressalta a importância de contexto, intenção e manutenção de longo prazo.",Atenção | RAG | Programação,https://medium.com/p/934b2d4be398,,covers/linus-torvalds-ai-code-medium-b79582a-1.jpg,8,en,2026-07-15
llms-still-don-t-understand-meaning-predict-13334c7,TRUE,medium,LLMs e IA generativa,Modelos Limites e Impactos,LLMs Still Don’t Understand Meaning,Autoria não identificada,Predict,,"Argumenta que modelos de linguagem produzem sequências plausíveis sem necessariamente compreender significado como seres humanos. O texto examina a diferença entre correlação estatística, referência e entendimento semântico.",LLMs | IA generativa | Agentes | Conhecimento | Pesquisa,https://medium.com/p/ffe7617861d6,,covers/llms-still-don-t-understand-meaning-predict-13334c7-1.jpg,9,en,2026-07-06
llms-you-should-actually-learn-in-2026-by-shreyas-naph-87b5557,TRUE,medium,LLMs e IA generativa,Modelos Limites e Impactos,LLMs You Should Actually Learn in 2026,Shreyas Naphad,Medium,,"Seleciona modelos de linguagem que merecem atenção prática em 2026 e explica os critérios da escolha. O artigo considera capacidades, abertura, custo, tamanho e adequação a diferentes cenários.",Transformers | Atenção | LLMs | Agentes | RAG,https://medium.com/p/e653d2d86ca9,,covers/llms-you-should-actually-learn-in-2026-by-shreyas-naph-87b5557-01.jpg,10,en,2026-07-07
llms-rag-agents-mcp-the-ai-evolution-you-must-know-a-v-be7d6a1,TRUE,medium,"Agentes, RAG e aplicações",Arquitetura de Agentes,"LLMs, RAG, Agents, MCP: The AI Evolution You Must Know (A Visual Explanation)",Divy Yadav,Towards AI,"May, 2026","Apresenta visualmente a evolução de aplicações baseadas em LLMs para RAG, agentes e MCP. A leitura mostra como cada camada acrescenta conhecimento externo, capacidade de ação e interoperabilidade.",Vetores | LLMs | Agentes | RAG | MCP,https://medium.com/p/9ee07e421587,,covers/llms-rag-agents-mcp-the-ai-evolution-you-must-know-a-v-be7d6a1-01.jpg,19,en,2026-07-05
machine-learning-for-complete-beginners-a-simple-30-da-f5eb264,TRUE,medium,"Aprendizado, pesquisa e produtividade",Aprendizado e Pesquisa,Machine Learning for Complete Beginners: A Simple 30-Day Roadmap Without the Overwhelm,Harsh singh,Stackademic,"May, 2026","Propõe um roteiro de trinta dias para iniciantes em aprendizado de máquina. O plano distribui fundamentos, prática de programação, modelos e pequenos projetos para reduzir a sensação de sobrecarga.",Vetores | Redes neurais | Gradiente | RAG | Aprendizado,https://medium.com/p/ca575929a7e3,,covers/machine-learning-for-complete-beginners-a-simple-30-da-f5eb264-01.jpg,15,en,2026-06-30
neural-networks-as-simple-as-they-can-get-by-dr-ashish-31e80d9,TRUE,medium,"Fundamentos, matemática e deep learning",Redes Neurais e Aprendizado,"Neural Networks, As Simple As They Can Get",Dr. Ashish Bamania,Level Up Coding,"May, 2026","Explica redes neurais com o mínimo de formalismo necessário para entender sua estrutura e funcionamento. O texto percorre neurônios, pesos, ativações, camadas, erro e treinamento.",Redes neurais | Gradiente | RAG | Aprendizado,https://medium.com/p/f7e874e5cc54,,covers/neural-networks-as-simple-as-they-can-get-by-dr-ashish-31e80d9-01.jpg,15,en,2026-07-02
notebooklm-free-vs-plus-vs-pro-vs-ultra-which-plan-is--2c316c6,TRUE,medium,"Aprendizado, pesquisa e produtividade",Produtividade com IA e NotebookLM,NotebookLM Free vs Plus vs Pro vs Ultra: Which Plan Is Actually Worth It in 2026,Mubashir Burfat,Medium,46199.5,"Compara os planos Free, Plus, Pro e Ultra do NotebookLM, detalhando limites e recursos de cada nível. O artigo ajuda a identificar em que situações vale pagar e quando a modalidade gratuita é suficiente.",Transformers | RAG | Gemini | NotebookLM | Pesquisa,https://medium.com/p/4b4c4adfe829,,covers/notebooklm-free-vs-plus-vs-pro-vs-ultra-which-plan-is--2c316c6-01.jpg,11,en,2026-07-15
notebooklm-s-new-feature-is-so-good-it-almost-feels-li-5cb051a,TRUE,medium,"Aprendizado, pesquisa e produtividade",Produtividade com IA e NotebookLM,NotebookLM’s New Feature Is So Good It Almost Feels Like Cheating,Mubashir Burfat,Medium,"Jul, 2026","Apresenta um novo recurso do NotebookLM e demonstra como ele simplifica a transformação de fontes em materiais de estudo. O autor avalia o impacto da novidade sobre pesquisa, síntese e produção de conteúdo.",NotebookLM | Pesquisa | Programação,https://medium.com/p/f2d8f1567d1a,,covers/notebooklm-s-new-feature-is-so-good-it-almost-feels-li-5cb051a-1.jpg,9,en,2026-07-14
nvidia-ai-medium-9606c39,TRUE,medium,"Modelos, mercado e indústria",Industria Estrategia e Impactos,NVIDIA Just Killed Big AI and You’re the Winner?,Michal Malewicz,Medium,46217.5,Analisa sinais de mudança no ciclo de expansão da IA e o interesse crescente por inferência local. O artigo mostra como a NVIDIA pode se beneficiar tanto da nuvem quanto de computadores capazes de executar grandes modelos sem APIs externas.,Agentes | DeepSeek | Mercado | NVIDIA | Programação,https://medium.com/p/71c4aeabf19f,,covers/nvidia-ai-medium-9606c39-01.jpg,15,en,2026-07-15
open-knowledge-format-okf-why-google-thinks-ai-needs-a-4f5f0a1,TRUE,medium,Bases vetoriais e conhecimento,Formatos e Gestao do Conhecimento,Open Knowledge Format (OKF): Why Google Thinks AI Needs a Git for Knowledge,Arvind Kumar,Medium,"Jun, 2026","Explica a proposta do Open Knowledge Format e a compara a um sistema de versionamento para conhecimento utilizado por agentes. O texto discute portabilidade, atualização e colaboração entre fontes e aplicações.",LLMs | Agentes | RAG | Claude | Conhecimento,https://medium.com/p/9dc9f08efb79,,covers/open-knowledge-format-okf-why-google-thinks-ai-needs-a-4f5f0a1-01.jpg,17,en,2026-07-10
openai-gpt-5-6-ai-could-do-anything-then-it-met-arc-ag-14bc816,TRUE,medium,"Modelos, mercado e indústria",Lancamentos e Comparativos de Modelos,"OpenAI GPT-5.6: AI Could Do Anything, Then It Met ARC-AGI-3",Alberto Romero,Medium,46217.5,"Analisa o desempenho do GPT-5.6 Sol no ARC-AGI-3, onde o modelo avança muito em relação aos antecessores, mas permanece distante do desempenho humano. O contraste evidencia simultaneamente a velocidade do progresso e os limites do raciocínio atual.",Agentes | RAG | Anthropic | Programação | ARC-AGI,https://medium.com/p/29654c5aded1,,covers/openai-gpt-5-6-ai-could-do-anything-then-it-met-arc-ag-14bc816-1.jpg,8,en,2026-07-15
q-k-v-and-w-in-transformers-a-complete-step-by-step-nu-7a417a2,TRUE,medium,Transformers e atenção,,"Q, K, V and W in Transformers — A Complete Step-by-Step Numeric Walkthrough",Dewasheesh Rana,Medium,,"Constrói um exemplo numérico completo para explicar as matrizes Q, K, V e W nos Transformers. O passo a passo mostra como projeções, similaridades e pesos de atenção produzem novas representações dos tokens.",Vetores | Gradiente | Transformers | Atenção | Embeddings,https://medium.com/p/3288b95827ae,,covers/q-k-v-and-w-in-transformers-a-complete-step-by-step-nu-7a417a2-01.jpg,20,en,2026-07-02
stop-renting-ai-start-owning-it-by-andrew-zhu-jul-2026-340d7c2,TRUE,medium,"Modelos, mercado e indústria",Industria Estrategia e Impactos,Stop Renting AI — Start Owning It,Andrew Zhu,Medium,"Jul, 2026","Defende a execução de modelos locais como alternativa à dependência permanente de serviços de IA por assinatura. O artigo discute privacidade, custos, controle e as condições práticas para manter uma infraestrutura própria.",Claude | Anthropic | ChatGPT | Pesquisa | Indústria,https://medium.com/p/bbc80b13482e,,covers/stop-renting-ai-start-owning-it-by-andrew-zhu-jul-2026-340d7c2-1.jpg,8,en,2026-07-10
surprise-ai-doesn-t-cause-layoffs-it-s-the-opposite-me-ef96be1,TRUE,medium,"Modelos, mercado e indústria",Industria Estrategia e Impactos,Surprise! AI Doesn’t Cause Layoffs. It’s the Opposite,Autoria não identificada,Medium,,"Questiona a associação automática entre adoção de IA e demissões. O texto argumenta que empresas mais inovadoras podem ampliar atividades e contratações, embora os efeitos variem por setor, função e estratégia.",RAG | Pesquisa | Indústria,https://medium.com/p/2b848309c080,,covers/surprise-ai-doesn-t-cause-layoffs-it-s-the-opposite-me-ef96be1-01.jpg,13,en,2026-07-14
the-ai-industry-as-you-know-it-died-today-by-alberto-r-c7630d7,TRUE,medium,"Modelos, mercado e indústria",Industria Estrategia e Impactos,The AI Industry as You Know It Died Today,Alberto Romero,Medium,"Jun, 2026","Interpreta uma mudança recente como ponto de inflexão para a indústria de IA. O artigo examina como modelos, custos e estratégias empresariais estão alterando as vantagens competitivas estabelecidas.",RAG | Anthropic | ChatGPT | DeepSeek | Indústria,https://medium.com/p/59fce97a15c9,,covers/the-ai-industry-as-you-know-it-died-today-by-alberto-r-c7630d7-1.jpg,9,en,2026-07-02
the-ai-industry-has-a-really-dark-secret-you-re-better-428b9f9,TRUE,medium,"Modelos, mercado e indústria",Industria Estrategia e Impactos,The AI Industry Has a Really Dark Secret You’re Better Off Not Knowing,Alberto Romero,Medium,"Jul, 2026","Investiga tensões econômicas e técnicas ocultadas pelo crescimento acelerado da indústria de IA. O autor discute custos, dependência de capital e a distância entre narrativas públicas e sustentabilidade dos negócios.",Agentes | RAG | Claude | Anthropic | DeepSeek,https://medium.com/p/9242a3576483,,covers/the-ai-industry-has-a-really-dark-secret-you-re-better-428b9f9-01.jpg,12,en,2026-07-14
the-ai-race-is-over-no-one-new-can-catch-up-by-rekhi-j-1365670,TRUE,medium,"Modelos, mercado e indústria",Industria Estrategia e Impactos,The AI Race Is Over. No One New Can Catch Up.,Rekhi,Medium,"Jul, 2026","Argumenta que custos, dados, infraestrutura e talentos criaram barreiras muito altas para novos concorrentes em modelos de fronteira. O texto avalia a concentração do setor e possíveis espaços de competição fora da corrida por escala.",RAG | Anthropic | Pesquisa,https://medium.com/p/7b6748ad6b72,,covers/the-ai-race-is-over-no-one-new-can-catch-up-by-rekhi-j-1365670-1.jpg,8,en,2026-07-07
the-dangerous-myth-of-conscious-ai-chatbots-medium-f875a30,TRUE,medium,LLMs e IA generativa,Modelos Limites e Impactos,The Dangerous Myth of Conscious AI Chatbots,Autoria não identificada,Medium,,"Critica a atribuição de consciência a chatbots com base em linguagem convincente. O artigo separa aparência de subjetividade, funcionamento estatístico e evidências científicas sobre experiência consciente.",Redes neurais | Transformers | LLMs | RAG | Claude,https://medium.com/p/0f8d77f2667b,,covers/the-dangerous-myth-of-conscious-ai-chatbots-medium-f875a30-01.jpg,11,en,2026-07-14
the-dark-side-of-ai-the-data-leak-problem-nobody-talks-48e59ec,TRUE,medium,"Agentes, RAG e aplicações",Engenharia e Seguranca de Apps,The Dark Side of AI: The Data Leak Problem Nobody Talks About,Hayanan,Medium,"Jun, 2026","Examina riscos de vazamento de dados quando informações sensíveis são enviadas a ferramentas de IA. O texto apresenta situações de exposição, limites de controle e práticas para reduzir problemas de privacidade e segurança.",RAG | ChatGPT | Segurança | Privacidade | Programação,https://medium.com/p/4d7be42032fb,,covers/the-dark-side-of-ai-the-data-leak-problem-nobody-talks-48e59ec-01.jpg,22,en,2026-07-14
anthropic-growth-medium-1887965,TRUE,medium,"Modelos, mercado e indústria",Industria Estrategia e Impactos,The Dark Side of Anthropic’s Growth,Ignacio de Gregorio,Medium,46159.5,"Investiga o crescimento acelerado da Anthropic e questiona se a expansão de receita poderá se converter em lucro. O texto detalha custos de computação, margens, captação de recursos e desafios econômicos do negócio de modelos de fronteira.",Anthropic | Mercado,https://medium.com/p/d3dbe341b7cd,,covers/anthropic-growth-medium-1887965-01.jpg,18,en,2026-07-15
the-death-of-consumer-ai-is-coming-by-will-lockett-jul-8205775,TRUE,medium,"Modelos, mercado e indústria",Industria Estrategia e Impactos,The Death Of Consumer AI Is Coming,Will Lockett,Medium,"Jul, 2026","Prevê uma transformação do mercado de IA voltado ao consumidor, com produtos genéricos perdendo espaço para serviços integrados e especializados. O artigo discute modelos de negócio, custos e mudanças no comportamento dos usuários.",Transformers | Atenção | LLMs | Agentes | Anthropic,https://medium.com/p/a9a5c24b8c23,,covers/the-death-of-consumer-ai-is-coming-by-will-lockett-jul-8205775-1.jpg,6,en,2026-07-14
the-hidden-architecture-behind-most-llm-apps-by-shreya-1d6d542,TRUE,medium,"Agentes, RAG e aplicações",Arquitetura de Agentes,The Hidden Architecture Behind Most LLM Apps,Shreyas Naphad,Medium,,"Descreve a arquitetura recorrente por trás de aplicações baseadas em LLMs. O texto organiza entrada, contexto, recuperação, chamadas ao modelo, ferramentas, memória e validação em um fluxo compreensível.",Vetores | Transformers | LLMs | Agentes | RAG,https://medium.com/p/4caf2694d76e,,covers/the-hidden-architecture-behind-most-llm-apps-by-shreya-1d6d542-01.jpg,10,en,2026-07-01
the-hidden-trick-that-makes-ai-apps-10x-faster-by-shre-c58d466,TRUE,medium,"Agentes, RAG e aplicações",Engenharia e Seguranca de Apps,The Hidden Trick That Makes AI Apps 10x Faster,Shreyas Naphad,Medium,,"Apresenta uma técnica de engenharia para reduzir latência em aplicações de IA sem depender apenas de modelos mais rápidos. O artigo relaciona cache, paralelismo, streaming ou organização do fluxo à experiência percebida pelo usuário.",Vetores | Redes neurais | Deep learning | Transformers | LLMs,https://medium.com/p/73e22554bac9,,covers/the-hidden-trick-that-makes-ai-apps-10x-faster-by-shre-c58d466-01.jpg,11,en,2026-07-14
the-math-that-powers-modern-ai-the-small-set-of-formul-b0b11c7,TRUE,medium,"Fundamentos, matemática e deep learning",Matematica para IA,The Math That Powers Modern AI. The Small Set of Formulas Behind Almost…,Gianpiero Andrenacci,Medium,,"Reúne um conjunto compacto de fórmulas que aparecem repetidamente na IA moderna. O texto conecta álgebra linear, probabilidade, funções de perda, otimização e atenção a exemplos de uso em modelos.",Matemática | Álgebra linear | Vetores | Deep learning | Gradiente,https://medium.com/p/9ba654bfde1c,,covers/the-math-that-powers-modern-ai-the-small-set-of-formul-b0b11c7-01.jpg,38,en,2026-07-06
the-mathematical-memory-of-ai-understanding-vector-dat-48bfcd1,TRUE,medium,Bases vetoriais e conhecimento,Vector Databases e Embeddings,The Mathematical Memory of AI: Understanding Vector Databases and Embedding Pipelines,Kuriko Iwai,Medium,,"Explica como embeddings e bases vetoriais funcionam como uma camada de memória para aplicações de IA. O artigo percorre geração de vetores, indexação, busca por similaridade e integração com pipelines de recuperação.",Vetores | LLMs | RAG | Bases vetoriais | Embeddings,https://medium.com/p/85bd5fc13004,,covers/the-mathematical-memory-of-ai-understanding-vector-dat-48bfcd1-01.jpg,29,en,2026-06-30
ai-trends-medium-7d3305f,TRUE,medium,"Modelos, mercado e indústria",Industria Estrategia e Impactos,Top 6 AI Trends That Will Define 2026,Tanmay Bansal,Artificial Intelligence in Plain English,46189.5,"Analisa seis tendências que devem orientar a IA em 2026, como modelos menores, execução local e sistemas mais controlados. O artigo enfatiza a passagem do entusiasmo com modelos para a engenharia de aplicações confiáveis e eficientes.",LLMs | Agentes | RAG | Aprendizado | Mercado,https://medium.com/p/3f54ecdd6d71,,covers/ai-trends-medium-7d3305f-1.jpg,8,en,2026-07-15
transformers-explained-why-attention-is-truly-all-you--6e2c778,TRUE,medium,Transformers e atenção,,Transformers Explained: Why Attention Is Truly All You Need,LM Po,Medium,,"Explica por que a atenção permitiu aos Transformers substituir grande parte do processamento recorrente. O texto apresenta os blocos da arquitetura e relaciona paralelismo, contexto e escala ao sucesso dos modelos atuais.",Vetores | Redes neurais | Gradiente | Transformers | Atenção,https://medium.com/p/2e3669242965,,covers/transformers-explained-why-attention-is-truly-all-you--6e2c778-01.jpg,22,en,2026-07-06
understanding-the-transformer-architecture-in-plain-en-40badba,TRUE,medium,Transformers e atenção,,Understanding the Transformer Architecture in Plain English,Md Johirul Islam,Artificial Intelligence in Plain English,,"Apresenta a arquitetura Transformer em linguagem simples, cobrindo embeddings, atenção, blocos feed-forward e saída. A leitura busca formar uma visão geral antes de aprofundar a matemática.",Vetores | Redes neurais | Transformers | Atenção | RNN,https://medium.com/p/24cd06724087,,covers/understanding-the-transformer-architecture-in-plain-en-40badba-01.jpg,13,en,2026-07-02
understanding-transformers-part-2-how-lstms-fixed-recu-fa6fd57,TRUE,medium,Transformers e atenção,,Understanding Transformers (Part 2): How LSTMs fixed Recurrent Networks (mostly),Autoria não identificada,Data Science Collective,,Explica como LSTMs enfrentaram limitações das redes recorrentes tradicionais ao controlar o fluxo de memória. O artigo prepara a transição histórica e conceitual que levou ao desenvolvimento dos Transformers.,Redes neurais | Gradiente | Transformers | Atenção | RNN,https://medium.com/p/dddb892471eb,,covers/understanding-transformers-part-2-how-lstms-fixed-recu-fa6fd57-01.jpg,22,en,2026-07-01
understanding-transformers-part-3-positional-encodings-1d64398,TRUE,medium,Transformers e atenção,,Understanding Transformers (Part 3): Positional encodings and word embeddings,Autoria não identificada,Data Science Collective,,"Mostra como embeddings representam palavras e como codificações posicionais preservam a ordem em uma arquitetura sem recorrência. O texto combina intuição, geometria vetorial e exemplos de sequência.",Redes neurais | Transformers | Atenção | RNN | LSTM,https://medium.com/p/3e3802f11a81,,covers/understanding-transformers-part-3-positional-encodings-1d64398-01.jpg,22,en,2026-07-01
understanding-transformers-part-4-attention-is-just-a--ab0a6ee,TRUE,medium,Transformers e atenção,,Understanding Transformers (Part 4): Attention is just a few matrices,Autoria não identificada,Data Science Collective,,"Demonstra que o mecanismo de atenção pode ser entendido como uma sequência de operações matriciais. O artigo detalha projeções, produtos, normalização e combinação de valores com apoio matemático.",Vetores | Transformers | Atenção | RNN | LSTM,https://medium.com/p/462505291833,,covers/understanding-transformers-part-4-attention-is-just-a--ab0a6ee-01.jpg,28,en,2026-07-01
vector-databases-the-hidden-backbone-of-modern-ai-by-h-f141253,TRUE,medium,Bases vetoriais e conhecimento,Vector Databases e Embeddings,Vector Databases: The Hidden Backbone of Modern AI,Hemanth Raju Koneti,Medium,,"Introduz bases vetoriais e explica por que elas se tornaram infraestrutura importante para aplicações modernas de IA. O texto aborda embeddings, busca semântica, RAG e diferenças em relação a bancos tradicionais.",Vetores | RAG | Bases vetoriais | Embeddings | Pesquisa,https://medium.com/p/bdef4f6277a4,,covers/vector-databases-the-hidden-backbone-of-modern-ai-by-h-f141253-01.jpg,11,en,2026-07-08
what-anthropic-didn-t-say-about-fable-5-s-return-by-ha-80b33a4,TRUE,medium,"Modelos, mercado e indústria",Lancamentos e Comparativos de Modelos,What Anthropic Didn’t Say About Fable 5’s Return,"Han HELOIR YAN, Ph.D. ☕️",Medium,"Jul, 2026","Analisa aspectos não destacados pela Anthropic no retorno do modelo Fable 5. O artigo examina desempenho, posicionamento e possíveis implicações estratégicas além do anúncio oficial.",RAG | Claude | Anthropic | Pesquisa | Segurança,https://medium.com/p/2ebd29f8f2c4,,covers/what-anthropic-didn-t-say-about-fable-5-s-return-by-ha-80b33a4-01.jpg,17,en,2026-07-14
what-is-an-llm-large-language-models-explained-2026-gu-0e69ff8,TRUE,medium,LLMs e IA generativa,Conceitos e Fundamentos,What Is an LLM: Large Language Models Explained (2026 Guide),Shreyas Naphad,Medium,"Jun, 2026","Explica o que é um grande modelo de linguagem, como ele é treinado e como gera respostas. O guia também introduz tokens, contexto, ajuste, usos e limitações para leitores não especialistas.",Redes neurais | Transformers | LLMs | Claude | ChatGPT,https://medium.com/p/d926f473df2a,,covers/what-is-an-llm-large-language-models-explained-2026-gu-0e69ff8-01.jpg,13,en,2026-06-30
you-re-not-going-to-like-what-ai-becomes-after-july-12-e1a1924,TRUE,medium,"Modelos, mercado e indústria",Industria Estrategia e Impactos,You’re not going to like what AI becomes after July 12th.,Michal Malewicz,Medium,"Jul, 2026","Comenta mudanças recentes no ecossistema de IA e sugere que produtos e formas de uso estão entrando em uma nova fase. O texto combina tendências de mercado, comportamento dos usuários e consequências para profissionais.",LLMs | IA generativa | Claude | Anthropic | Mercado,https://medium.com/p/b914e4d5edb6,,covers/you-re-not-going-to-like-what-ai-becomes-after-july-12-e1a1924-01.jpg,13,en,2026-07-14
your-brain-already-understands-ai-here-s-how-neural-ne-0176a4c,TRUE,medium,"Fundamentos, matemática e deep learning",Redes Neurais e Aprendizado,Your Brain Already Understands AI. Here’s How Neural Networks Actually Work,CodeWithYog,Medium,,"Usa analogias com o cérebro para tornar redes neurais mais intuitivas. O artigo explica entradas, conexões, pesos, ativações e aprendizagem, destacando também onde a comparação biológica deixa de ser adequada.",Redes neurais | Transformers | RNN | LSTM | ChatGPT,https://medium.com/p/57e594c2a4c1,,covers/your-brain-already-understands-ai-here-s-how-neural-ne-0176a4c-01.jpg,15,en,2026-07-04
drive-16k-llm-modelo-mental,TRUE,documento,LLMs e IA generativa,Modelos mentais e uso crítico,"A biblioteca, o chão e o relógio parado",Autoria não identificada,Acervo UFG-IA,2026-06-13,"Apresenta um modelo mental didático para compreender como os grandes modelos de linguagem produzem respostas. As metáforas da biblioteca, do chão inclinado e do relógio parado ajudam a distinguir fluência de conhecimento, orientar melhores perguntas e reconhecer limites como desatualização, confabulação e ausência de experiência direta do mundo.",LLMs | Modelos mentais | Prompts | Uso crítico | Verificação,https://drive.google.com/file/d/16k_1vcWnX7-PP6mptkHo2Df7_MYJkHQv/view,,,0,pt-BR,2026-07-16
drive-16h-rumo-ao-desconhecido-doc,FALSE,documento,Impactos sociais e econômicos,Aceleração tecnológica e futuro do trabalho,Rumo ao desconhecido,Pedro Burgos,Meio,2026-03-05,"Analisa a aceleração recente da inteligência artificial, especialmente em programação e agentes, e discute possíveis impactos sobre empresas, empregos e produtividade. O texto contrapõe previsões de transformação rápida aos dados ainda limitados sobre substituição de trabalhadores e chama atenção para a incerteza do cenário.",Aceleração da IA | Agentes | Emprego | Produtividade | Futuro do trabalho,https://docs.google.com/document/d/16hvuAszYHN0M-_ceZRwIHYq7koLXCnDCnTpFHkQeKjk/view,,,0,pt-BR,2026-07-16
drive-1qx-ai-planet-pressure,TRUE,documento,"IA, ciência e sustentabilidade",IA para desafios planetários,AI for a Planet Under Pressure,Victor Galaz e Maria Schewenius (editores),Stockholm Resilience Centre e PIK,2025-11-01,"Relatório interdisciplinar sobre o potencial e os limites da IA para enfrentar mudanças climáticas, perda de biodiversidade, riscos sistêmicos e outros desafios de sustentabilidade. Reúne aplicações em sistemas terrestres, água, oceanos, cidades e comunicação científica, destacando governança responsável, desigualdades e pressões ambientais.",Sustentabilidade | Mudanças climáticas | Biodiversidade | IA para ciência | Governança,https://drive.google.com/file/d/1_qXDE6P0d4W5ysxYWn0-R0JK_kD-bGSe/view,,,0,en,2026-07-16
drive-1gd-llion-jones-uk,TRUE,documento,"Modelos, mercado e indústria",Estratégias nacionais de IA,AI pioneer Llion Jones calls for UK to be brave in tech race,Huw Thomas,BBC News,2025-12-04,"Entrevista com Llion Jones, coautor do artigo que introduziu a arquitetura Transformer, sobre a posição do Reino Unido na corrida global de IA. Jones defende investimento em pesquisa diferenciada, em vez de competir apenas em escala com Estados Unidos e China, e critica a tendência de chatbots produzirem respostas excessivamente concordantes.",Transformers | Política tecnológica | Reino Unido | Pesquisa em IA | Llion Jones,https://drive.google.com/file/d/1g-DR1iIGogXW3TmHSDF5kJQV5zFt9Ydy/view,,,7,en,2026-07-16
drive-1mg-diretrizes-ia-ies,TRUE,documento,"Educação, políticas e governança",Diretrizes institucionais,Diretrizes para o uso de IA nas Instituições de Ensino Superior do Brasil,Grupo de Trabalho sobre IA na Educação Superior,Andifes,2025-11-18,"Propõe referenciais para integrar inteligência artificial ao ensino, à pesquisa, à extensão e à gestão universitária de forma ética, inclusiva e responsável. O documento articula marcos nacionais e internacionais, apresenta riscos e oportunidades e oferece subsídios para políticas institucionais nas universidades brasileiras.",Ensino superior | Diretrizes | Ética | Política institucional | Andifes,https://drive.google.com/file/d/1mgESZQ2wY87c-EUcAAa4jd5Ga0XQoJuP/view,,,0,pt-BR,2026-07-16
drive-1yy-economistas-nobel-emprego,TRUE,noticia,Impactos sociais e econômicos,Emprego e políticas públicas,Economistas e 15 vencedores do Nobel alertam sobre IA causar demissão em massa,Ben Casselman,Folha de S.Paulo / The New York Times,2026-07-14,"Relata um manifesto assinado por economistas, pesquisadores e laureados com o Nobel que pede ação governamental diante dos possíveis impactos da IA sobre o trabalho. O grupo reconhece ganhos potenciais de bem-estar, mas alerta que deslocamentos em larga escala podem ocorrer mais rapidamente do que em transformações tecnológicas anteriores.",Emprego | Nobel de Economia | Políticas públicas | Automação | Desigualdade,https://drive.google.com/file/d/1yyRGRsRONP-qgWctINmmSDJqGJW8trZn/view,,,0,pt-BR,2026-07-16
drive-1s7-ataque-ia-judiciario,TRUE,noticia,"Regulação, justiça e segurança",Injeção de prompt no Judiciário,Ataque de IA ao Judiciário é um alerta,Ronaldo Lemos,Folha de S.Paulo,2026-05-17,"Examina uma tentativa de manipular um sistema judicial de IA por meio de instruções ocultas em uma petição. O episódio ilustra riscos de injeção de prompt, sabotagem e dependência tecnológica no Judiciário e na advocacia, reforçando a necessidade de supervisão humana, segurança e responsabilização profissional.",Judiciário | Injeção de prompt | Segurança | Advocacia | Responsabilização,https://drive.google.com/file/d/1S7ZzlBZlkTyz4AfWfHupJFRw10R02N7x/view,,,0,pt-BR,2026-07-16
drive-1zj-ia-ensino-superior-banida,TRUE,noticia,"Educação, políticas e governança",IA no ensino superior,Ferramentas de IA na educação superior devem ser banidas?,Adolfo-Ignacio Calderón e Ana Luísa Rodrigues,Folha de S.Paulo,2026-04-19,"Discute propostas de proibição da IA generativa no ensino superior e contrapõe preocupações com fraude, superficialidade e perda de autonomia intelectual às possibilidades de inovação pedagógica. O texto defende que universidades construam respostas institucionais equilibradas, com formação docente, integridade científica e uso crítico da tecnologia.",Ensino superior | Integridade acadêmica | IA generativa | Formação docente | Regulação,https://drive.google.com/file/d/1_zJKB6VIqIdh2h5tVH_lRT5esxhWH6ZI/view,,,0,pt-BR,2026-07-16
drive-1bd-ia-poema-experiencia,TRUE,noticia,"Cultura, sociedade e comportamento",IA e experiência literária,IA pode sentir um poema como um ser humano?,Marcelo Tápia,Folha de S.Paulo,2026-03-07,"Relata testes com ChatGPT e Claude na produção e interpretação de poesia. As ferramentas demonstram capacidade analítica, reconhecimento de intertextualidades e elaboração crítica, mas também inventam referências e tendem ao elogio. O autor conclui que são instrumentos poderosos, porém não sujeitos da experiência literária.",Poesia | Crítica literária | ChatGPT | Claude | Experiência humana,https://drive.google.com/file/d/1bdpftuMgaEQ1JoM4fgCn4ZUfmCbsJdmB/view,,,0,pt-BR,2026-07-16
drive-1ye-rumo-ao-desconhecido-pdf,TRUE,noticia,Impactos sociais e econômicos,Aceleração tecnológica e futuro do trabalho,Rumo ao desconhecido,Pedro Burgos,Meio,2026-03-05,"Analisa a aceleração recente da inteligência artificial, especialmente em programação e agentes, e discute possíveis impactos sobre empresas, empregos e produtividade. O texto contrapõe previsões de transformação rápida aos dados ainda limitados sobre substituição de trabalhadores e chama atenção para a incerteza do cenário.",Aceleração da IA | Agentes | Emprego | Produtividade | Futuro do trabalho,https://drive.google.com/file/d/1Ye6rEdKVFfR5z2B1efw8ED_uweguxJxF/view,,,0,pt-BR,2026-07-16
drive-1i3-trabalhadores-expostos-ia,TRUE,noticia,Impactos sociais e econômicos,Exposição ocupacional à IA,Quase um terço dos trabalhadores do país tem emprego exposto à IA,Anaïs Fernandes,Valor Econômico,2026-01-02,"Apresenta estudo do FGV Ibre segundo o qual cerca de 30% dos trabalhadores brasileiros estão expostos à IA generativa em suas atividades. A exposição é maior entre mulheres, jovens, pessoas escolarizadas e trabalhadores de serviços, podendo representar tanto complementação das tarefas quanto risco de substituição.",Mercado de trabalho | Brasil | FGV Ibre | Automação | Exposição ocupacional,https://drive.google.com/file/d/1i337Y9Zf8mo5hD2-HEIa6Z9NipoiqQNt/view,,,0,pt-BR,2026-07-16
drive-1vb-robotaxis-apagao,TRUE,noticia,"Autonomia, mobilidade e segurança",Veículos autônomos em emergências,Robotáxis travam San Francisco durante apagão e acendem alerta,Soumya Karlamangla,Folha de S.Paulo / The New York Times,2025-12-25,"Descreve como táxis autônomos da Waymo bloquearam cruzamentos durante um apagão em San Francisco. O incidente levou autoridades a investigar a capacidade desses sistemas de operar em crises e levantou preocupações sobre evacuações, serviços de emergência e coordenação entre infraestrutura urbana e veículos autônomos.",Veículos autônomos | Waymo | Segurança | Infraestrutura urbana | Emergências,https://drive.google.com/file/d/1vb_-73RnmZfmADF4Ql1yQV7R-5k3KL2j/view,,,0,pt-BR,2026-07-16
drive-1ac-casamento-persona-chatgpt,TRUE,noticia,"Cultura, sociedade e comportamento",Relações humano-IA,Quem é a mulher japonesa que se casou com persona criada no ChatGPT,Kim Kyung-Hoon e Satoshi Sugiyama,Folha de S.Paulo / Reuters,2025-12-18,"Conta a história de uma japonesa que realizou uma cerimônia simbólica de casamento com uma persona criada no ChatGPT. O caso mostra como sistemas generativos estão aprofundando vínculos afetivos com personagens virtuais e suscita debates sobre intimidade, dependência emocional, ética e reconhecimento social dessas relações.",Companheiros de IA | ChatGPT | Relações afetivas | Ética | Japão,https://drive.google.com/file/d/1aCYyE19buwNmIJLd8VqEcy5daciJfVEZ/view,,,0,pt-BR,2026-07-16
drive-1bq-universidade-vai-acabar,TRUE,noticia,"Educação, políticas e governança",Futuro da universidade,A universidade como a conhecemos vai acabar (e isso é uma boa notícia),Luiz Cláudio Costa,Folha de S.Paulo,2025-11-23,"Defende que o modelo universitário baseado em aulas expositivas, semestres fixos e provas de memorização será substituído por percursos adaptativos, experiências presenciais e validação contínua de competências. A IA aparece como infraestrutura pedagógica para tutoria, simulações e identificação de lacunas de aprendizagem.",Universidade | Ensino adaptativo | Avaliação | Assistentes de IA | Futuro da educação,https://drive.google.com/file/d/1BQkBC8sPVPciHvd9alm2pw7HvtnKgW7E/view,,,0,pt-BR,2026-07-16
drive-1ga-knowledge-preservation,TRUE,paper,IA e produção científica,Preservação do conhecimento,Knowledge preservation in the era of big science and AI: strategies for sustainable scientific research,Penn F. Rainford et al.,Nature Communications,2026-04-10,"Discute a perda de conhecimento científico causada por resultados negativos não publicados, documentação insuficiente e rotatividade de pesquisadores. Propõe canais moderados de compartilhamento, padrões comunitários, infraestrutura digital sustentável e ferramentas de IA que reduzam o esforço de preservar métodos, dados e conhecimento tácito.",Ciência aberta | Reprodutibilidade | Conhecimento tácito | Infraestrutura científica | IA,https://drive.google.com/file/d/1GAH3UOAdRVHloWmW9hPqkGVvjhS5chu2/view,,,12,en,2026-07-16
drive-1uw-ml-deep-learning,TRUE,paper,"Fundamentos, matemática e deep learning",Fundamentos de machine learning,Machine learning and deep learning,"Christian Janiesch, Patrick Zschech e Kai Heinrich",Electronic Markets,2021-04-08,"Apresenta os fundamentos de machine learning e deep learning, distinguindo conceitos, etapas de construção automática de modelos e o papel das redes neurais profundas. Também discute desafios de implementação em sistemas inteligentes, como viés, deriva de dados, explicabilidade, interação humano-máquina e uso de modelos como serviço.",Machine learning | Deep learning | Redes neurais | Modelagem analítica | Explicabilidade,https://drive.google.com/file/d/1UwvXq4ODyU_auofJSAFHfAb-cfPrgSdN/view,,,11,en,2026-07-16
drive-1qu-geoai-review,TRUE,paper,GeoAI e observação da Terra,Revisão de GeoAI,When Machine Learning Meets Geospatial Data: A Comprehensive GeoAI Review,"Anasse Boutayeb, Iyad Lahsen-Cherif e Ahmed El Khadimi",IEEE JSTARS,2025-05-09,"Revisa a integração entre machine learning e dados geoespaciais, cobrindo aplicações em agricultura de precisão, monitoramento ambiental, gestão de desastres e planejamento urbano. O artigo organiza conceitos, tendências, desafios e perspectivas de GeoAI, incluindo GIS, big geodata e métodos para explorar dados espaciais complexos.",GeoAI | Dados geoespaciais | Machine learning | Sensoriamento remoto | GIS,https://drive.google.com/file/d/1qU08NZXY1Scn9nVp2A2Qka_LRmtvn3Hv/view,,,0,en,2026-07-16
drive-1s3-fifth-era-science,TRUE,paper,IA e produção científica,Inteligência científica artificial,The fifth era of science: Artificial scientific intelligence,Nina Miolane,PLOS Biology,2025-06-10,"Propõe que a ciência entrou em uma quinta era, na qual sistemas de IA não apenas analisam dados, mas geram hipóteses e conduzem partes da descoberta científica. O texto avalia áreas favoráveis à automação e explica por que dados escassos, especializados ou sensíveis ainda exigem direção, validação e criatividade humanas.",IA científica | Descoberta automatizada | Quinto paradigma | Ciência de dados | Papel do pesquisador,https://drive.google.com/file/d/1S3Gdwf7eqKNIewrl_jM25Q7tp6nisN0G/view,,,4,en,2026-07-16
drive-152-ml-foundation-models-mapbiomas,TRUE,apresentacao,GeoAI e observação da Terra,Modelos fundacionais e aplicações operacionais,"ML Predictions, Foundation Models & Embeddings: Potential & Operational Applications",LAPIG/UFG e MapBiomas,LAPIG/UFG,2026-07-16,"Apresenta aplicações operacionais de predições de machine learning, modelos fundacionais e embeddings em dados de observação da Terra. A exposição relaciona grandes volumes de dados espaço-temporais, fluxos de modelagem e usos potenciais no contexto do MapBiomas.",MapBiomas | Modelos fundacionais | Embeddings | Observação da Terra | Machine learning,https://docs.google.com/presentation/d/152yVkyDZCakA-GIKL3AK-_c7Gp7bH0UQpVJbrwl7pU4/preview,,,0,en,2026-07-16
drive-1tt-pi-minimalist-agent,TRUE,apresentacao,"Agentes, RAG e aplicações",Agentes de programação,Pi: A minimalist coding agent,LAPIG/UFG,LAPIG/UFG,2026-07-16,"Introduz o Pi como um agente minimalista de programação e discute o que diferencia um agente de um simples assistente de código. A apresentação aborda princípios de funcionamento, interação com ferramentas e possibilidades de uso em fluxos de desenvolvimento.",Agentes de código | Pi | Programação | Ferramentas | Automação,https://docs.google.com/presentation/d/1tTtz0F0MzV8eb8jKI9uykqpCFsnXAAl54LycMHzLN_o/preview,,,0,en,2026-07-16
drive-1l9-fifth-research-paradigm,TRUE,apresentacao,IA e produção científica,Quinto paradigma de pesquisa,The Fifth Research Paradigm: From empirical science to scientific AI,Laerte Guimarães Ferreira,"Café com Bolo, Ciência e IA | LAPIG/UFG",2025-12-09,"Percorre a evolução dos paradigmas empírico, teórico, computacional e orientado por dados até a inteligência científica artificial. Discute agentes capazes de apoiar hipóteses e descobertas, as novas competências exigidas dos pesquisadores e a importância de manter direção científica e validação humana.",Quinto paradigma | IA científica | Descoberta | Agentes | Pesquisa,https://docs.google.com/presentation/d/1L9PEmH3z8ij0YnSMtF1dVitf1M7yH4QUw0VODZCFxQ4/preview,,,0,en,2026-07-16
drive-1jp-ia-cisne-vermelho-pos,TRUE,apresentacao,"Educação, políticas e governança",IA e pós-graduação,"A IA, o Cisne Vermelho e a Pós-Graduação",Laerte Guimarães Ferreira,CIAMB / UFG,2026-05-20,"Discute a inteligência artificial como transformação de alto impacto para a pós-graduação. A apresentação relaciona mudanças tecnológicas, produção do conhecimento, formação de pesquisadores, riscos institucionais e oportunidades para ensino e pesquisa.",Pós-graduação | Transformação tecnológica | Formação científica | Riscos | Oportunidades,https://docs.google.com/presentation/d/1jPicYeZdZnjK5D6ry_SMPND9CMONIMIFlth7Gv77MsM/preview,,,0,pt-BR,2026-07-16
drive-1ka-llm-geo-research,TRUE,apresentacao,GeoAI e observação da Terra,LLMs no fluxo de pesquisa geoespacial,"From analog to digital: LLMs, geospatial research and foundation models",LAPIG/UFG,LAPIG/UFG,2026-05-11,"Relata a transição de práticas analógicas para fluxos digitais e o uso de LLMs como parceiros de implementação em pesquisa geoespacial. A apresentação destaca como conhecimento de domínio, rigor metodológico e arquitetura progressiva podem transformar ideias em artigos e aplicações com modelos fundacionais.",Pesquisa geoespacial | LLMs | Modelos fundacionais | Programação | Sensoriamento remoto,https://drive.google.com/file/d/1kA4CgFrOCLuutCBozGqcCKhZ_uERFYZP/view,,,0,en,2026-07-16
drive-1xd-pasto-legal,TRUE,apresentacao,GeoAI e observação da Terra,Monitoramento territorial e conformidade,Pasto Legal,Equipe Pasto Legal,Pasto Legal / LAPIG,2026-03-23,"Apresenta o contexto de dados e projetos do Pasto Legal, plataforma voltada ao uso de informação territorial no acompanhamento de propriedades e cadeias produtivas. A exposição mostra como geotecnologias, bases ambientais e análises espaciais podem apoiar monitoramento, transparência e conformidade.",Pasto Legal | Monitoramento territorial | Geotecnologias | Conformidade | Dados ambientais,https://docs.google.com/presentation/d/1X-dHxsBc-0k0mAI6M4y9sjMHHlDP8RNulLkFYOkvJiE/preview,,,0,pt-BR,2026-07-16
drive-1ex-ia-impactos-riscos,TRUE,apresentacao,Impactos sociais e econômicos,"Riscos, oportunidades e perspectivas","IA: Impactos sociais, riscos, oportunidades e perspectivas",Laerte Guimarães Ferreira,LAPIG/UFG,2025-11-28,"Oferece uma visão abrangente dos efeitos sociais da inteligência artificial, equilibrando riscos e oportunidades. A apresentação aborda transformações no trabalho, educação e pesquisa, questões éticas e de governança e perspectivas para indivíduos e instituições.",Impactos sociais | Riscos | Oportunidades | Governança | Futuro da IA,https://docs.google.com/presentation/d/1eXqyShSwlLx8jAQK_p5Fz4XRgP_Z9ACk_L04efeY-P4/preview,,,0,pt-BR,2026-07-16
drive-1gz-clay-foundation-model,TRUE,apresentacao,GeoAI e observação da Terra,Modelos fundacionais geoespaciais,Clay Foundation Model,LAPIG/UFG,LAPIG/UFG,2025-04-08,"Explica o Clay, modelo fundacional que recebe imagens de satélite, localização e tempo para produzir embeddings geoespaciais. A apresentação cobre dados de treinamento, estratégia de amostragem, arquitetura encoder-decoder, padronização de fontes e adaptação por fine-tuning para tarefas específicas.",Clay | Modelos fundacionais | Embeddings | Imagens de satélite | Fine-tuning,https://drive.google.com/file/d/1gZSQpa8mFmM1qvqJbbfgRzVEomlTgocA/view,,,0,en,2026-07-16
drive-1uq-llm-pesquisa-geoespacial,TRUE,apresentacao,GeoAI e observação da Terra,LLMs e desenvolvimento metodológico,Da interpretação analógica à pesquisa geoespacial assistida por LLMs,LAPIG/UFG,"Café com Bolo, Ciência e IA | LAPIG/UFG",2025-05-27,"Relata uma trajetória em sensoriamento remoto e a incorporação de LLMs ao desenvolvimento de métodos geoespaciais. Com exemplos de classificação de mudanças em paisagens, CNN e U-Net, a apresentação discute tentativa e erro, validação passo a passo e a importância de não substituir conhecimento de domínio pela confiança no modelo.",Sensoriamento remoto | LLMs | CNN | U-Net | Desenvolvimento metodológico,https://drive.google.com/file/d/1uqtMP8COSagvQgZYtMXsIph1obqJn70d/view,,,0,pt-BR,2026-07-16
link-panorama-global-ia-generativa,TRUE,link-video,"Modelos, mercado e indústria",Cronologia de modelos generativos,Panorama Global da IA Generativa,Victor Amaral,LAPIG/UFG,,"Linha do tempo interativa dos principais modelos e acontecimentos da IA generativa desde o lançamento do ChatGPT, em novembro de 2022. O recurso permite navegar cronologicamente, ajustar a escala temporal e exportar a visualização, com dados mantidos em Google Sheets e atualização contínua.",IA generativa | Linha do tempo | Modelos de IA | ChatGPT | Panorama global,https://lapig-ufg.github.io/app-panorama-global-da-ia-generativa/,,,0,pt-BR,2026-07-16
